id,created_at,text
735945843702943744,2016-05-26 21:28:57,b'Excited to watch the 2016 National Spelling Bee live! Watch the finals with me on ESPN at 8 PM ET! @espn @ScrippsBee https://t.co/9sL4rfMIUu',[],"[{'screen_name': 'espn', 'id': 2557521, 'id_str': '2557521', 'indices': [99, 104], 'name': 'ESPN'}, {'screen_name': 'ScrippsBee', 'id': 24189067, 'id_str': '24189067', 'indices': [105, 116], 'name': 'NationalSpellingBee'}]"
472164638722117632,2014-05-29 23:56:36,"b""Go fellow Squushy Carrots, Kate and Sriram, for finals! -from your fellow carrot Dev ! Hopefully, I'll be there next year! @ScrippsBee""",[],"[{'screen_name': 'ScrippsBee', 'id': 24189067, 'id_str': '24189067', 'indices': [123, 134], 'name': 'NationalSpellingBee'}]"
472164424007315457,2014-05-29 23:55:45,"b""Good luck fellow Squushy Carrots, Kate and Sriram, for finals! -from your fellow carrot Dev (7th grade)! Hopefully, I'll be there next year!""",[],[]
471693587709579264,2014-05-28 16:44:49,"b""@ScrippsBee I'm rooting for #speller60 Lucas Urbanski and #speller90 Vanya Shivashankar. Thanksforthefeed! BTW, I was Speller 133 in 2012NSB""","[{'text': 'speller60', 'indices': [28, 38]}, {'text': 'speller90', 'indices': [58, 68]}]","[{'screen_name': 'ScrippsBee', 'id': 24189067, 'id_str': '24189067', 'indices': [0, 11], 'name': 'NationalSpellingBee'}]"
353357393515646976,2013-07-06 03:39:02,"b""RT @accioambo: I'm holding you closer than most, cause you are my heaven.""",[],[]
340167609297281024,2013-05-30 18:07:32,b'@ScrippsBee ESPN is ridiculous! Showing softball over spelling bee. This is terrible....ugh!!!!',[],"[{'screen_name': 'ScrippsBee', 'id': 24189067, 'id_str': '24189067', 'indices': [0, 11], 'name': 'NationalSpellingBee'}]"
339768303193034752,2013-05-29 15:40:50,b'Congrats to everyone in Round 2!! #scrippsbee',"[{'text': 'scrippsbee', 'indices': [34, 45]}]",[]
303161326677667840,2013-02-17 15:17:47,b'RT @omgthatspunny: Know any jokes about Sodium? Na.',[],"[{'screen_name': 'omgthatspunny', 'id': 349540312, 'id_str': '349540312', 'indices': [3, 17], 'name': 'PUNS'}]"
300398565447049217,2013-02-10 00:19:33,b'RT @IndianProbz: Everyone wants to know how to say their name in your language',[],"[{'screen_name': 'IndianProbz', 'id': 399608286, 'id_str': '399608286', 'indices': [3, 15], 'name': 'Indian Problems'}]"
300397002380939266,2013-02-10 00:13:21,"b""RT @omgthatspunny: Yeah Mayans, your predictions were wrong, but don't cry! It's not the end of the world.""",[],"[{'screen_name': 'omgthatspunny', 'id': 349540312, 'id_str': '349540312', 'indices': [3, 17], 'name': 'PUNS'}]"
300396792250515456,2013-02-10 00:12:31,b'RT @omgthatspunny: Why did the scarecrow get a promotion? Because he was outstanding in his field.',[],"[{'screen_name': 'omgthatspunny', 'id': 349540312, 'id_str': '349540312', 'indices': [3, 17], 'name': 'PUNS'}]"
300396485508481024,2013-02-10 00:11:17,b'RT @omgthatspunny: Never trust an atom. They make up everything.',[],"[{'screen_name': 'omgthatspunny', 'id': 349540312, 'id_str': '349540312', 'indices': [3, 17], 'name': 'PUNS'}]"
300396353127862272,2013-02-10 00:10:46,b'RT @omgthatspunny: I tried to catch some fog earlier. I mist.',[],"[{'screen_name': 'omgthatspunny', 'id': 349540312, 'id_str': '349540312', 'indices': [3, 17], 'name': 'PUNS'}]"
229067575252901888,2012-07-28 04:15:40,"b""@WinstonARreader I'm really sorry that your grandfather passed away this morning, we will be praying for you \n\n-Dev and family""",[],"[{'screen_name': 'WinstonARreader', 'id': 578479515, 'id_str': '578479515', 'indices': [0, 16], 'name': 'Anna-Grace Woolery'}]"
223113964916183040,2012-07-11 17:58:09,"b'On July 11, this once ten year old achieved his first age that has six numbers in it. Eleven.'",[],[]
216926558676467712,2012-06-24 16:11:36,"b""Let's play Scramble With Friends. My username is 'djaiswal'. http://t.co/HbRnXf6 #GamesWithFriends""","[{'text': 'GamesWithFriends', 'indices': [81, 98]}]",[]
209484259352780800,2012-06-04 03:18:34,b'@charizamberle Nope... I would push Peeta off the top of the Empire State Building',[],[]
209455127256506369,2012-06-04 01:22:48,b'@4nMathlete @WinstonARreader Definitely!',[],"[{'screen_name': 'WinstonARreader', 'id': 578479515, 'id_str': '578479515', 'indices': [12, 28], 'name': 'Anna-Grace Woolery'}]"
209400832922365952,2012-06-03 21:47:03,"b""The first step of love is friendship, and the last step is friendship. Only what's left is in between. -Kal Ho Na Ho""",[],[]
209289101457883136,2012-06-03 14:23:04,b'Back from Bee Week 2012! It was a truly amazing experience!!!',[],[]
208185803178917889,2012-05-31 13:18:58,b'You can still watch the semi finals on espn2 at 9am!!!!',[],[]
208185565668061184,2012-05-31 13:18:01,"b'@WinstonARreader No, I scored seventeen out of 31 points, 23 was required to advance. You can still watch on espn2 at 9am!'",[],"[{'screen_name': 'WinstonARreader', 'id': 578479515, 'id_str': '578479515', 'indices': [0, 16], 'name': 'Anna-Grace Woolery'}]"
208185162008231937,2012-05-31 13:16:25,"b'Unfortunately, i  am not advancing to the semis, I spelled 17 out of 31 correctly, 23 would advance you. Good luck to all the semifinalists!'",[],[]
207859047293140992,2012-05-30 15:40:33,"b'Spelled my word correctly in round two, also got interviewed for the sixth time. I love bee week 2012!'",[],[]
207560610198732800,2012-05-29 19:54:40,b'The preliminaries of the national bee will be on espn3 tomorrow at 7am and 1pm!',[],[]
207559087750258688,2012-05-29 19:48:37,b'@WinstonARreader Thank you so much Anna-Grace!!',[],"[{'screen_name': 'WinstonARreader', 'id': 578479515, 'id_str': '578479515', 'indices': [0, 16], 'name': 'Anna-Grace Woolery'}]"
207558919613202433,2012-05-29 19:47:57,b'RT @WinstonARreader: Good luck to @DevJaiswal1  for the scripts national spelling bee!!! Good luck Dev!!!!!! My whole family is excited  ...',[],"[{'screen_name': 'WinstonARreader', 'id': 578479515, 'id_str': '578479515', 'indices': [3, 19], 'name': 'Anna-Grace Woolery'}, {'screen_name': 'DevJaiswal1', 'id': 329978376, 'id_str': '329978376', 'indices': [34, 46], 'name': 'Dev Jaiswal'}]"
207556532060176384,2012-05-29 19:38:28,"b'Hey there. Just took my round one test for the national bee today! Preliminaries tomorrow, live on espn3 at 7am. Wish me luck!!!!!!!'",[],[]
206576422184165376,2012-05-27 02:43:51,b'@granthubbard Thank you Mr. Hubbard.',[],"[{'screen_name': 'granthubbard', 'id': 16900666, 'id_str': '16900666', 'indices': [0, 13], 'name': 'granthubbard'}]"
206466620376358912,2012-05-26 19:27:32,b'D.C in 12 hours and 30 minutes!',[],[]
206457738371416065,2012-05-26 18:52:15,b'RT @autocorrects: Does anyone else listen to their music and imagine an epic story to go with it with yourself as the main character?',[],"[{'screen_name': 'autocorrects', 'id': 345811633, 'id_str': '345811633', 'indices': [3, 16], 'name': 'Funny'}]"
206418656404574208,2012-05-26 16:16:57,b'we just saw the coolest lizard!',[],[]
206414270601240577,2012-05-26 15:59:31,"b'National Spelling Bee\n\nPreliminaries - ESPN 3 at 7AM, Wed., May 30\nSemifinals - ESPN 2, 9AM, Thu., May 31\nFinals - ESPN, 7PM, Thur., May 31'",[],[]
206388266683994113,2012-05-26 14:16:11,b'23 hours till our arrival in Washington D.C. for the Scripps National Spelling Bee!',[],[]
205717595914108930,2012-05-24 17:51:11,"b""My computer is dead...using Rani's laptop.""",[],[]
205061884544679937,2012-05-22 22:25:37,b'RT @IndianProbz: #LolAtPeopleWhoThink Getting yelled at by their parents is the worst punishment. If only you were brown.',"[{'text': 'LolAtPeopleWhoThink', 'indices': [17, 37]}]","[{'screen_name': 'IndianProbz', 'id': 399608286, 'id_str': '399608286', 'indices': [3, 15], 'name': 'Indian Problems'}]"
204742337740546050,2012-05-22 01:15:51,b'.',[],[]
204006237292085250,2012-05-20 00:30:51,b'@WinstonARreader yay!',[],"[{'screen_name': 'WinstonARreader', 'id': 578479515, 'id_str': '578479515', 'indices': [0, 16], 'name': 'Anna-Grace Woolery'}]"
203933918632747008,2012-05-19 19:43:29,b'@omgthatspunny is getting less and less creative by the newest tweet...',[],"[{'screen_name': 'omgthatspunny', 'id': 349540312, 'id_str': '349540312', 'indices': [0, 14], 'name': 'PUNS'}]"
203499839835734016,2012-05-18 14:58:37,b'@4nMathlete Umm...awesome....yea....',[],[]
203496240359546880,2012-05-18 14:44:19,"b""@4nMathlete What's on June the 17?""",[],[]
203496002739650560,2012-05-18 14:43:22,b'9 days till the national spelling bee!!!',[],[]
203494726534578176,2012-05-18 14:38:18,b'@4nMathlete Whopee! Whoopah! Whoopayhai!',[],[]
203494547664281600,2012-05-18 14:37:35,b'125 IQ!',[],[]
203493423691481088,2012-05-18 14:33:07,b'@4nMathlete  Ready for this?',[],[]
203493303122006016,2012-05-18 14:32:38,b'I also received my spelling bee plaque from Mr. Rigby. And I got an honors certificate!',[],[]
203493029494009856,2012-05-18 14:31:33,b'And congratulations to everyone else as well.',[],[]
203492920098164736,2012-05-18 14:31:07,b'Awards day for school was today...I won the plaque for the highest grades in the fifth grade!!',[],[]
203310341973741568,2012-05-18 02:25:37,"b""If I Die Tomorrow is trending. Is there going to be like a surprise killing spree tomorrow? I hope I didn't give anyone ideas...UH-OH!""",[],[]
203280573685444608,2012-05-18 00:27:20,b'My nose is killing me!',[],[]
203159840439283712,2012-05-17 16:27:35,"b""I had a dream. A dream were I wouldn't have to go to school for three months. Oh wait, it's true! Bye school, HELLO SUMMER!""",[],[]
203159377924988928,2012-05-17 16:25:44,b'#schoolmemories The last recess yesterday. It was like three hours long! @WinstonARreader',"[{'text': 'schoolmemories', 'indices': [0, 15]}]","[{'screen_name': 'WinstonARreader', 'id': 578479515, 'id_str': '578479515', 'indices': [73, 89], 'name': 'Anna-Grace Woolery'}]"
203159120445059074,2012-05-17 16:24:43,"b""It's summer!""",[],[]
203157556913377280,2012-05-17 16:18:30,b'@Globy0304 :)',[],[]
203156791494852608,2012-05-17 16:15:28,"b""I'm stuck here constantly looking at the latest 6 tweets. Nothing after that.""",[],[]
203117496792907776,2012-05-17 13:39:19,"b""Twitter is being retarded. When I scroll down it starts scrolling up, so I can't do anything. #whyTwitterwhy""","[{'text': 'whyTwitterwhy', 'indices': [94, 108]}]",[]
200756915347800064,2012-05-11 01:19:13,b'RT @4nMathlete: YOU BETTER BE IN THAT BOX! Hahaha @DevJaiswal1',[],"[{'screen_name': 'DevJaiswal1', 'id': 329978376, 'id_str': '329978376', 'indices': [50, 62], 'name': 'Dev Jaiswal'}]"
200724147683340289,2012-05-10 23:09:00,"b""@4nMathlete's last day at WA tomorrow...no...so sad...""",[],[]
199677563017236480,2012-05-08 01:50:15,b'#Twothingsiwant\n1. To there be no obnoxious/mean/ snotty people in the world.\n2. To there be no stupid/retarded people in the world.',"[{'text': 'Twothingsiwant', 'indices': [0, 15]}]",[]
199677319588216833,2012-05-08 01:49:17,b'#Itgetsmemadwhen People keep talking and talking and never SHUT UP',"[{'text': 'Itgetsmemadwhen', 'indices': [0, 16]}]",[]
199677055049269250,2012-05-08 01:48:14,"b""If I Had A Gun...there would be no obnoxious people in the world. And with my poor handling, there probably wouldn't be a Dev Jaiswal either""",[],[]
198955957982724096,2012-05-06 02:02:51,b'#ThingsThatBoredPeopleDo be bored...',"[{'text': 'ThingsThatBoredPeopleDo', 'indices': [0, 24]}]",[]
194253293155909632,2012-04-23 02:36:08,"b'I was looking at my last tweet and i though instead of poor key, it said ""portkey"" #HarryPotterRules'","[{'text': 'HarryPotterRules', 'indices': [83, 100]}]",[]
194253039027228674,2012-04-23 02:35:08,"b""#poorkeyboard I've posted ten tweets in the last minute #omg #record #!""","[{'text': 'poorkeyboard', 'indices': [0, 13]}, {'text': 'omg', 'indices': [56, 60]}, {'text': 'record', 'indices': [61, 68]}]",[]
194252718192332800,2012-04-23 02:33:51,b'#darnyouautocorrect Trying to autocorrect autocorrect',"[{'text': 'darnyouautocorrect', 'indices': [0, 19]}]",[]
194252598801481728,2012-04-23 02:33:23,b'#darnyouautocorrect Autocorrecting my has tag tweets.',"[{'text': 'darnyouautocorrect', 'indices': [0, 19]}]",[]
194252502223433729,2012-04-23 02:33:00,"b'#lasttweet jk,.,.'","[{'text': 'lasttweet', 'indices': [0, 10]}]",[]
194252392622075904,2012-04-23 02:32:34,"b'Twitter, you simply take too long to comprehend.YOU CAN""T TELL THAT YOU ARENT EVEN TRYING! Let\'s see, where\'s the deactivate account button?'",[],[]
194252024039223296,2012-04-23 02:31:06,"b'""COME ON, you load instantly and then you display that message. YOU DIDN""T EVEN TRY!!!!!!!!!!!!!!!! AGHHHHHHHH! Darn you Twitter!!!!!!!!!!!!'",[],[]
194251848524382209,2012-04-23 02:30:24,"b'I try loading my profile, and you say ""Loading Tweets seems to be taking awhile..."" and I\'m like.'",[],[]
194251680173408257,2012-04-23 02:29:44,"b'Twitter, you are an idiot.'",[],[]
194251265377710081,2012-04-23 02:28:05,b'RT @IndianProbz: What kind of bike does a chubby desi ride?\nA motacycle! #badpuns',"[{'text': 'badpuns', 'indices': [73, 81]}]","[{'screen_name': 'IndianProbz', 'id': 399608286, 'id_str': '399608286', 'indices': [3, 15], 'name': 'Indian Problems'}]"
194250973928108033,2012-04-23 02:26:55,b'@IndianProbz is so funny...only Indians would get the jokes...',[],"[{'screen_name': 'IndianProbz', 'id': 399608286, 'id_str': '399608286', 'indices': [0, 12], 'name': 'Indian Problems'}]"
191004906092630017,2012-04-14 03:28:12,b'I miss @4nMathlete!!!!!!!!!!!!!!!!!!!!!!!!!!!!!!!!!!!!!!!!!!!!!!!!!!!!!',[],[]
190602367467659264,2012-04-13 00:48:40,"b""#Top100Lies I'll be right back.""","[{'text': 'Top100Lies', 'indices': [0, 11]}]",[]
188318459317325826,2012-04-06 17:33:14,b'#thingsmostpeoplelikebutidont Football.',"[{'text': 'thingsmostpeoplelikebutidont', 'indices': [0, 29]}]",[]
188318239795851264,2012-04-06 17:32:21,b'@4nMathlete OUR Walmart.',[],[]
182315725753548801,2012-03-21 04:00:30,"b""I'm a national speller!""",[],[]
178905568667381760,2012-03-11 18:09:46,b'#TypeYourNameWithYourNose.  ev gfjaq w w l',"[{'text': 'TypeYourNameWithYourNose', 'indices': [0, 25]}]",[]
178905301641203713,2012-03-11 18:08:42,"b""The Hunger Games is Coming. I'm so excited!""",[],[]
178646730085117952,2012-03-11 01:01:14,b'Karate tournament today was great! I placed 1st in Forms and 4th in sparring! Yay!',[],[]
175363886873198594,2012-03-01 23:36:23,"b""@4nMathlete What's the Berenstains?""",[],[]
174314816876453888,2012-02-28 02:07:45,b'I had a fantastic time at Winter Jam yesterday. I believe For King and Country was the highlight though.',[],[]
168130478925283328,2012-02-11 00:33:24,b'I finally got the new Twitter...',[],[]
165269463283941377,2012-02-03 03:04:45,"b'RT @IndianProbz: When you try to google search for something with ""Indian"" in it, and you end up finding something about Native American ...'",[],"[{'screen_name': 'IndianProbz', 'id': 399608286, 'id_str': '399608286', 'indices': [3, 15], 'name': 'Indian Problems'}]"
165269432271241217,2012-02-03 03:04:37,b'RT @4nMathlete: I love kheer :)',[],[]
165269278457733123,2012-02-03 03:04:01,b'RT @omgthatspunny: Sellers of dried grapes are always raisin awareness. #punny',"[{'text': 'punny', 'indices': [72, 78]}]","[{'screen_name': 'omgthatspunny', 'id': 349540312, 'id_str': '349540312', 'indices': [3, 17], 'name': 'PUNS'}]"
165269227836674048,2012-02-03 03:03:49,b'RT @_Snape_: #YouKnowYouHigh when people are calling you Wingardium Leviosa.',"[{'text': 'YouKnowYouHigh', 'indices': [13, 28]}]","[{'screen_name': '_Snape_', 'id': 304185486, 'id_str': '304185486', 'indices': [3, 11], 'name': 'Professor Snape'}]"
165269126200295424,2012-02-03 03:03:24,b'@4nMathlete @ambosaurus What about ME????',[],"[{'screen_name': 'ambosaurus', 'id': 3989398697, 'id_str': '3989398697', 'indices': [12, 23], 'name': 'Amber Marie'}]"
165268687270588416,2012-02-03 03:01:40,"b""RT @Lord_Voldemort7: I only speak 'English,' 'Parseltongue' and 'sarcasm.' #Idonotunderstand 'stupid.'""","[{'text': 'Idonotunderstand', 'indices': [75, 92]}]","[{'screen_name': 'Lord_Voldemort7', 'id': 160817572, 'id_str': '160817572', 'indices': [3, 19], 'name': 'The Dark Lord'}]"
165268510442913792,2012-02-03 03:00:58,b'RT @4nMathlete: Teens typing LiKe tHiS make me want to shoot them. But it is 10 times worse when old people do it.',[],[]
165268440712622080,2012-02-03 03:00:41,"b'RT @IndianProbz: When your mom cooks American food, she will somehow end making it taste Indian. #indianproblems'","[{'text': 'indianproblems', 'indices': [97, 112]}]","[{'screen_name': 'IndianProbz', 'id': 399608286, 'id_str': '399608286', 'indices': [3, 15], 'name': 'Indian Problems'}]"
165268425151741953,2012-02-03 03:00:37,"b'RT @4nMathlete: ""@jonnydiaz: ""what doesn\'t kill you makes you smaller."" -Mario""'",[],"[{'screen_name': 'jonnydiaz', 'id': 15377809, 'id_str': '15377809', 'indices': [17, 27], 'name': 'Jonny Diaz'}]"
163486275050016770,2012-01-29 04:59:00,"b""Huhhh...I wonder why I haven't gotten any Twitter notifications today... oh! I had it open but I wasn't signed in!! #dummyhead""","[{'text': 'dummyhead', 'indices': [116, 126]}]",[]
160207740638203905,2012-01-20 03:51:16,b'RT @omgthatspunny: Two pencils decided to have a race. The outcome was a draw. #punny',"[{'text': 'punny', 'indices': [79, 85]}]","[{'screen_name': 'omgthatspunny', 'id': 349540312, 'id_str': '349540312', 'indices': [3, 17], 'name': 'PUNS'}]"
160207687773196289,2012-01-20 03:51:03,"b""RT @omgthatspunny: An electrician is a bright spark who knows what's watt. #punny""","[{'text': 'punny', 'indices': [75, 81]}]","[{'screen_name': 'omgthatspunny', 'id': 349540312, 'id_str': '349540312', 'indices': [3, 17], 'name': 'PUNS'}]"
160207644051783680,2012-01-20 03:50:53,"b""RT @omgthatspunny: Every calendar's days are numbered. #punny""","[{'text': 'punny', 'indices': [55, 61]}]","[{'screen_name': 'omgthatspunny', 'id': 349540312, 'id_str': '349540312', 'indices': [3, 17], 'name': 'PUNS'}]"
160207610145017856,2012-01-20 03:50:45,"b'RT @omgthatspunny: Pencils could be made with erasers at both ends, but what would be the point? #punny'","[{'text': 'punny', 'indices': [97, 103]}]","[{'screen_name': 'omgthatspunny', 'id': 349540312, 'id_str': '349540312', 'indices': [3, 17], 'name': 'PUNS'}]"
160207492742254592,2012-01-20 03:50:17,b'RT @omgthatspunny: The telegraph operator who accidentally sent the same message twice was remorseful. #punny',"[{'text': 'punny', 'indices': [103, 109]}]","[{'screen_name': 'omgthatspunny', 'id': 349540312, 'id_str': '349540312', 'indices': [3, 17], 'name': 'PUNS'}]"
160207461280784384,2012-01-20 03:50:09,b'RT @omgthatspunny: The optician fell into the lens grinding machine and made a spectacle of himself. #punny',"[{'text': 'punny', 'indices': [101, 107]}]","[{'screen_name': 'omgthatspunny', 'id': 349540312, 'id_str': '349540312', 'indices': [3, 17], 'name': 'PUNS'}]"
160207123681247232,2012-01-20 03:48:49,"b""RT @omgthatspunny: The personal trainer quit his job because it wasn't working out. #punny""","[{'text': 'punny', 'indices': [84, 90]}]","[{'screen_name': 'omgthatspunny', 'id': 349540312, 'id_str': '349540312', 'indices': [3, 17], 'name': 'PUNS'}]"
160207058942181378,2012-01-20 03:48:34,b'RT @omgthatspunny: The untruthful deli clerk was full of baloney. #punny',"[{'text': 'punny', 'indices': [66, 72]}]","[{'screen_name': 'omgthatspunny', 'id': 349540312, 'id_str': '349540312', 'indices': [3, 17], 'name': 'PUNS'}]"
160207034824933376,2012-01-20 03:48:28,b'RT @omgthatspunny: Working as an elevator operator has its ups and downs. #punny',"[{'text': 'punny', 'indices': [74, 80]}]","[{'screen_name': 'omgthatspunny', 'id': 349540312, 'id_str': '349540312', 'indices': [3, 17], 'name': 'PUNS'}]"
160206978168258560,2012-01-20 03:48:14,b'RT @omgthatspunny: A pyrotechnician should know how fireworks. #punny',"[{'text': 'punny', 'indices': [63, 69]}]","[{'screen_name': 'omgthatspunny', 'id': 349540312, 'id_str': '349540312', 'indices': [3, 17], 'name': 'PUNS'}]"
160206928650309632,2012-01-20 03:48:02,"b'RT @omgthatspunny: He rose through the ranks of the International Corn Growers association, eventually becoming a kernel. #punny'","[{'text': 'punny', 'indices': [122, 128]}]","[{'screen_name': 'omgthatspunny', 'id': 349540312, 'id_str': '349540312', 'indices': [3, 17], 'name': 'PUNS'}]"
160206866289397761,2012-01-20 03:47:48,"b""RT @omgthatspunny: I do a lot of spreadsheets in the office so you can say I'm excelling at work. #punny""","[{'text': 'punny', 'indices': [98, 104]}]","[{'screen_name': 'omgthatspunny', 'id': 349540312, 'id_str': '349540312', 'indices': [3, 17], 'name': 'PUNS'}]"
160206834500775937,2012-01-20 03:47:40,b'RT @omgthatspunny: At some executive meetings there is a chairman of the bored. #punny',"[{'text': 'punny', 'indices': [80, 86]}]","[{'screen_name': 'omgthatspunny', 'id': 349540312, 'id_str': '349540312', 'indices': [3, 17], 'name': 'PUNS'}]"
160206483517227009,2012-01-20 03:46:16,"b'RT @omgthatspunny: She owned three french-fry factories, but to her it was just small potatoes. #punny'","[{'text': 'punny', 'indices': [96, 102]}]","[{'screen_name': 'omgthatspunny', 'id': 349540312, 'id_str': '349540312', 'indices': [3, 17], 'name': 'PUNS'}]"
160206464953237505,2012-01-20 03:46:12,b'RT @omgthatspunny: The leech applied for the art position because he was good at drawing blood. #punny',"[{'text': 'punny', 'indices': [96, 102]}]","[{'screen_name': 'omgthatspunny', 'id': 349540312, 'id_str': '349540312', 'indices': [3, 17], 'name': 'PUNS'}]"
155879518425448448,2012-01-08 05:12:27,"b""@4nMathlete  I just messed with you by not giving you your phone.That is not bullying. Anyway I'm your brother, I would never bully you!""",[],[]
155677033526079489,2012-01-07 15:47:51,b'@4nMathlete You did sleep on the couch. All night long!',[],[]
153544935176552448,2012-01-01 18:35:39,b'RT @4nMathlete: The last Harry Potter movie is so. Sad.',[],[]
153544923596062720,2012-01-01 18:35:37,"b""RT @4nMathlete: I need to read all these books again. It's been a while.""",[],[]
153544867207839745,2012-01-01 18:35:23,"b'RT @4nMathlete: ""Of course it\'s happening inside your head, Harry. Why should that mean it\'s not real?""'",[],[]
152875033730088960,2011-12-30 22:13:42,"b""@AnnaGrace33 My break has been going good, has yours? One fourth Harry Potter fan? Don't you mean four sevenths?""",[],"[{'screen_name': 'AnnaGrace33', 'id': 392075757, 'id_str': '392075757', 'indices': [0, 12], 'name': 'Anna-Grace'}]"
152874746827120641,2011-12-30 22:12:34,b'#2011in4words Went by so fast.',"[{'text': '2011in4words', 'indices': [0, 13]}]",[]
135789286590124032,2011-11-13 18:41:03,"b'I currently have Facebook and Twitter open simultaneously, after I get done with a Facebook reply, I go to Twitter for new tweet!  #endless'","[{'text': 'endless', 'indices': [131, 139]}]",[]
130455984329076736,2011-10-30 01:28:25,"b'RT @4nMathlete: \xe2\x80\x9c@funnyorfact: Two dragons walk into a bar. One dragon says, ""It\'s warm in here."" The other says, ""Shut your mouth..\xe2\x80\x9d @o ...'",[],"[{'screen_name': 'funnyorfact', 'id': 139951730, 'id_str': '139951730', 'indices': [17, 29], 'name': 'Funny Or Fact'}]"
130111987807031296,2011-10-29 02:41:29,"b'RT @DamnItsTrue: fi yuo cna raed tihs whit no porlbem, yuo aer smrat. rtewete fi yuo aer smrat.'",[],"[{'screen_name': 'damnitstrue', 'id': 66714703, 'id_str': '66714703', 'indices': [3, 15], 'name': 'Common White Girl'}]"
127945725505056768,2011-10-23 03:13:32,"b""201? 1799 tweets till 2011! Wait it's already that time, in years. #Idon'tmakesense!""","[{'text': 'Idon', 'indices': [67, 72]}]",[]
127945065824919552,2011-10-23 03:10:55,b'I made it over 200 tweets. 201!',[],[]
127944869892206592,2011-10-23 03:10:08,b'Do you think I can get to 200 tweets today? I just did.',[],[]
127944777378435072,2011-10-23 03:09:46,b'dos',[],[]
127944747762454528,2011-10-23 03:09:39,b'thrun',[],[]
127944727155843073,2011-10-23 03:09:34,b'fr',[],[]
127944680678760448,2011-10-23 03:09:23,"b'fivvvvvvvvvvvvvvvvvvvvvveeeeeeeeeeeeeeeeeeeeee. ""y,""!'",[],[]
127944618452062208,2011-10-23 03:09:08,b'666666',[],[]
127944586768293888,2011-10-23 03:09:01,b'7.',[],[]
127944558922305536,2011-10-23 03:08:54,b'8 more left!',[],[]
127944516459180032,2011-10-23 03:08:44,b'and the next day ... and the next day ... and the next day ... and the next day ... and the next day ... and the next day ...  2w1',[],[]
127944482627928064,2011-10-23 03:08:36,b'and the next day ... and the next day ... and the next day ... and the next day ... and the next day ... and the next day ...   1',[],[]
127944429586743296,2011-10-23 03:08:23,b'and the next day ... and the next day ... and the next day ... and the next day ... and the next day ... and the next day ... ..',[],[]
127944361769041921,2011-10-23 03:08:07,"b'and the next day ... and the next day ... and the next day ... and the next day ... and the next day ... and the next day ... ,,'",[],[]
127944304453885952,2011-10-23 03:07:53,b'and the next day ... and the next day ... and the next day ... and the next day ... and the next day ... and the next day ...',[],[]
127944232488017920,2011-10-23 03:07:36,"b""Then there's always tomorrow ... and the next day ...and the next day ... and the next day ... and the next day ... and the next day ...""",[],[]
127944059326173184,2011-10-23 03:06:55,b'At least today...',[],[]
127943985334468608,2011-10-23 03:06:37,"b""Considering there's only 2 hours left today, and pretty soon we will be eating dinner (hopefully), I'm probably not making it to 200 tweets.""",[],[]
127943558589186049,2011-10-23 03:04:56,"b""It's after 10:00, and nobody in our family has eaten dinner yet. #late..""","[{'text': 'late', 'indices': [65, 70]}]",[]
127943090425180161,2011-10-23 03:03:04,b'Huh???',[],[]
127943064516968448,2011-10-23 03:02:58,b'Huh??\\',[],[]
127943035987296256,2011-10-23 03:02:51,b'Huh?',[],[]
127942982354743296,2011-10-23 03:02:38,b'Do you think I can get to 200 tweets today?',[],[]
127564158160994305,2011-10-22 01:57:19,"b""@4nMathlete First you were Ranzilla, then you were MacaRani, then you were GrammarNazi, now you're a foreign mathlete, 4nMathlete! Go Rani!""",[],[]
116690959386943488,2011-09-22 01:51:07,"b'#newfacebook  needs to get their faces out of Facebook and get into a book that says, ""Don\'t try to fix something that was already working!""'","[{'text': 'newfacebook', 'indices': [0, 12]}]",[]
115583238050811904,2011-09-19 00:29:26,"b""@The_GrammarNazi Who's Jerry Rice?""",[],"[{'screen_name': 'the_grammarnazi', 'id': 1238037745, 'id_str': '1238037745', 'indices': [0, 16], 'name': 'The Grammar Nazi'}]"
115057172391542785,2011-09-17 13:39:02,b'#YouLookRealStupid  when no one understands your jokes.',"[{'text': 'YouLookRealStupid', 'indices': [0, 18]}]",[]
115056968221204481,2011-09-17 13:38:13,"b'#LifeWouldBeBetter if people were better. ""The human world it\'s a mess!"" #TheLittleMermaid'","[{'text': 'LifeWouldBeBetter', 'indices': [0, 18]}, {'text': 'TheLittleMermaid', 'indices': [73, 90]}]",[]
114120569112375296,2011-09-14 23:37:18,b'#DrakeCriesWhen he realizes that his show Drake & Josh stops showing.',"[{'text': 'DrakeCriesWhen', 'indices': [0, 15]}]",[]
112353107400331264,2011-09-10 02:34:02,b'#ISpy letters on a big bright screen with the word Twitter in the top left corner.',"[{'text': 'ISpy', 'indices': [0, 5]}]",[]
112352496827117570,2011-09-10 02:31:37,b'#TheresNoExcuseFor  having an excuse.',"[{'text': 'TheresNoExcuseFor', 'indices': [0, 18]}]",[]
112352311275294722,2011-09-10 02:30:53,"b""#ThatsNotRight it's write!""","[{'text': 'ThatsNotRight', 'indices': [0, 14]}]",[]
108725609345187842,2011-08-31 02:19:39,b'RT @FaithSpann: When will people stop caring about what celebrities do?',[],"[{'screen_name': 'FaithSpann', 'id': 67146177, 'id_str': '67146177', 'indices': [3, 14], 'name': 'Faith Bullard'}]"
108669426798309377,2011-08-30 22:36:24,"b""#WaysToGetOffThePhone don't buy a phone.""","[{'text': 'WaysToGetOffThePhone', 'indices': [0, 21]}]",[]
108639435872145408,2011-08-30 20:37:14,b'#3words: Stop Annoying Me.',"[{'text': '3words', 'indices': [0, 7]}]",[]
107640405125890048,2011-08-28 02:27:27,"b""Seriously Funny: Dolores Umbridge is a derk. It's an inside joke!""",[],[]
107640013952516096,2011-08-28 02:25:53,"b""#replacemovienameswithshutup Cloudy with a chance of Shut UP! At least that's better than Cloudy with a chance of Bacon ... ugh ...""","[{'text': 'replacemovienameswithshutup', 'indices': [0, 28]}]",[]
107639450053517313,2011-08-28 02:23:39,b'#replacemovienameswithbacon Cloudy with a chance of Bacon? No ... that sucks! Cloudy with a chance of Hurricane Bacon?? Ugh ...',"[{'text': 'replacemovienameswithbacon', 'indices': [0, 27]}]",[]
107639403131838466,2011-08-28 02:23:28,b'#replacemovienameswithbacon Cloudy with a chance of Bacon? No ... that sucks! Cloudy with a chance of Hurricane Bacon?? Ugh ..',"[{'text': 'replacemovienameswithbacon', 'indices': [0, 27]}]",[]
107574428413595648,2011-08-27 22:05:17,b'#replaceMovieTitleWithIrene Cloudy with a chance of Irene! Haha! Pun intended!',"[{'text': 'replaceMovieTitleWithIrene', 'indices': [0, 27]}]",[]
104716014230577152,2011-08-20 00:46:57,b'#hatting is trending?',"[{'text': 'hatting', 'indices': [0, 8]}]",[]
104682164897062912,2011-08-19 22:32:27,b'@MacaRani412 MacaRani?',[],[]
104342973814276097,2011-08-19 00:04:38,"b'#youknowuwrong  when you spell ""you"" ""u"".'","[{'text': 'youknowuwrong', 'indices': [0, 14]}]",[]
104342820529250304,2011-08-19 00:04:01,b'#WorstFeeling Pain.',"[{'text': 'WorstFeeling', 'indices': [0, 13]}]",[]
102919065407991809,2011-08-15 01:46:31,b'#replacemovietitleswithfarts Harry Potter and the Chamber of Farts',"[{'text': 'replacemovietitleswithfarts', 'indices': [0, 28]}]",[]
102919023955689473,2011-08-15 01:46:22,"b""#replacemovietitleswithfarts Harry Potter and the Sorcerer's Farts""","[{'text': 'replacemovietitleswithfarts', 'indices': [0, 28]}]",[]
102918926886895616,2011-08-15 01:45:58,b'#replacemovietitleswithfarts Harry Potter and the Deathly Farts.',"[{'text': 'replacemovietitleswithfarts', 'indices': [0, 28]}]",[]
102918551811268610,2011-08-15 01:44:29,b'#replacebandnameswithpancakes Far East Pancakes',"[{'text': 'replacebandnameswithpancakes', 'indices': [0, 29]}]",[]
102888512138915840,2011-08-14 23:45:07,b'@_Ranzilla_ oops ... :)',[],[]
102886016351866881,2011-08-14 23:35:12,"b'#replacebandnameswithpancakes Pancakes Community band! Haha, _Ranzilla_'","[{'text': 'replacebandnameswithpancakes', 'indices': [0, 29]}]",[]
102825970544803840,2011-08-14 19:36:36,"b'#IfAliensAttack  ... ""The aliens are coming ... the aliens are coming!""'","[{'text': 'IfAliensAttack', 'indices': [0, 15]}]",[]
102825068014469120,2011-08-14 19:33:01,"b'#puns What if someone\'s first name was Justin Time. The teacher is doing role Call ... ""Justin Time!"" *Runs in* ""ah, just in time!'","[{'text': 'puns', 'indices': [0, 5]}]",[]
102824518271250432,2011-08-14 19:30:50,b'#replacesingernameswithpancakes Justin Pancakes.',"[{'text': 'replacesingernameswithpancakes', 'indices': [0, 31]}]",[]
102824138548330496,2011-08-14 19:29:19,b'#replacebandnameswithpancakes Big Time Pancakes.',"[{'text': 'replacebandnameswithpancakes', 'indices': [0, 29]}]",[]
102823947334201344,2011-08-14 19:28:34,b'#replacesingernameswithpancakes Katy Pancakes.',"[{'text': 'replacesingernameswithpancakes', 'indices': [0, 31]}]",[]
102778739053699072,2011-08-14 16:28:55,b'#replacesingernameswithpancakes Bruno Pancakes.',"[{'text': 'replacesingernameswithpancakes', 'indices': [0, 31]}]",[]
102778513966379008,2011-08-14 16:28:01,"b'#replacebandnameswithpancakes  Selena Gomez and the Pancakes,'","[{'text': 'replacebandnameswithpancakes', 'indices': [0, 29]}]",[]
102778358533865472,2011-08-14 16:27:24,b'#replacebandnameswithpancakes Casting Pancakes.',"[{'text': 'replacebandnameswithpancakes', 'indices': [0, 29]}]",[]
102778231710683136,2011-08-14 16:26:54,b'#replacebandnameswithpancakes Black Eyed Pancakes.',"[{'text': 'replacebandnameswithpancakes', 'indices': [0, 29]}]",[]
102547607989125120,2011-08-14 01:10:29,"b""RT @ohteenquotes: I say the ENTIRE alphabet because I can't remember what letter comes next.""",[],"[{'screen_name': 'ohteenquotes', 'id': 89423854, 'id_str': '89423854', 'indices': [3, 16], 'name': 'Relationship ♡'}]"
102547591987855360,2011-08-14 01:10:25,"b""RT @ohteenquotes: That awkward moment when you can't understand what someone is saying even though they've repeated themselves about 4 t ...""",[],"[{'screen_name': 'ohteenquotes', 'id': 89423854, 'id_str': '89423854', 'indices': [3, 16], 'name': 'Relationship ♡'}]"
102503678304452609,2011-08-13 22:15:55,b'#TwitterVsFB An issue with Twitter. The LETTER LIMIT! I HATE WHEN I HAVE TO SHORTEN MY TWEETS! AGHHHHHHHHH!!!!!!!!!!!!!!!!!!!!!!!!!!!!!!!!!',"[{'text': 'TwitterVsFB', 'indices': [0, 12]}]",[]
102503184622297088,2011-08-13 22:13:58,"b""#TwitterVsFB . I normally would say Facebook, but after using Twitter.. I can't really pick one. They're both amazing. FB = Twitter""","[{'text': 'TwitterVsFB', 'indices': [0, 12]}]",[]
102423964617408512,2011-08-13 16:59:10,b'RT @MaryElysabeth15: I typed weasel into my phone and it autocorrected it to Weasley. That mad me happy.',[],[]
102404550157283328,2011-08-13 15:42:02,"b'#McDonalds OR Burger King ? Mcdonalds, of course!'","[{'text': 'McDonalds', 'indices': [0, 10]}]",[]
102134126416637953,2011-08-12 21:47:27,"b'First week of school was pretty good, I enjoyed it.'",[],[]
101120702832328704,2011-08-10 02:40:28,"b'""Facebook Messenger"" is trending  There\'s a Facebook Chat, not ""Facebook Messenger"".'",[],[]
101107528217276416,2011-08-10 01:48:07,"b'School starts tomorrow. Had a good summer!  Went to Disney World, and went to Texas to see my cousins. I Consider this Summer summarized!'",[],[]
101054686047637506,2011-08-09 22:18:09,"b""RT @FreddyAmazin: Best game as a kid: making sure the balloon didn't touch the ground""",[],"[{'screen_name': 'FreddyAmazin', 'id': 61003804, 'id_str': '61003804', 'indices': [3, 16], 'name': 'FREDDY'}]"
100739779955671040,2011-08-09 01:26:49,"b""RT @_Ranzilla_: It just hit me. From tomorrow I can't sleep til 11 everyday. Noooooooo :(""",[],[]
100699324773711872,2011-08-08 22:46:04,"b""RT @_Ranzilla_: @DevJaiswal1 and I are facebook chatting. We're in the same room, literally 3 feet away.""",[],"[{'screen_name': 'DevJaiswal1', 'id': 329978376, 'id_str': '329978376', 'indices': [16, 28], 'name': 'Dev Jaiswal'}]"
100574831745044480,2011-08-08 14:31:23,b'#WhyAreYou you?',"[{'text': 'WhyAreYou', 'indices': [0, 10]}]",[]
99966065051844608,2011-08-06 22:12:21,b'Your Tweets 129',[],[]
99965937498861568,2011-08-06 22:11:51,"b""Your Tweets 127. 127 Twitter you're WRONG! 128!!""",[],[]
99965759802982400,2011-08-06 22:11:09,b'18 tweets in 8 minutes... 2 tweets a MINUTE! I CAN DIVIDE!',[],[]
99965181093879808,2011-08-06 22:08:51,"b'#Itreallymakesmemad when people have over 50,000 tweets and I have only 126!'","[{'text': 'Itreallymakesmemad', 'indices': [0, 19]}]",[]
99964976281817088,2011-08-06 22:08:02,b'#Why is Twitter making me post Tweets?',"[{'text': 'Why', 'indices': [0, 4]}]",[]
99964717094801410,2011-08-06 22:07:00,"b'Of course, every single one of my last tweets I forgot to add a ""."", Oh yeah! Period you\'re not getting away this time! And PERIOD.'",[],[]
99964445006102529,2011-08-06 22:05:55,"b""I think I'm tweeting way too much""",[],[]
99964336625291264,2011-08-06 22:05:29,b'#ReplaceMovieTitleWithShorts the Karate Shorts!',"[{'text': 'ReplaceMovieTitleWithShorts', 'indices': [0, 28]}]",[]
99964297907671040,2011-08-06 22:05:20,b'#ReplaceMovieTitleWithShorts Kung Fu Shorts',"[{'text': 'ReplaceMovieTitleWithShorts', 'indices': [0, 28]}]",[]
99964102738325504,2011-08-06 22:04:34,b'#ReplaceMovieTitleWithShorts Twilight:Breaking Shorts.',"[{'text': 'ReplaceMovieTitleWithShorts', 'indices': [0, 28]}]",[]
99963811343253504,2011-08-06 22:03:24,"b""#ReplaceMovieTitleWithShorts Harry Potter and the Sorcerer's Shorts.""","[{'text': 'ReplaceMovieTitleWithShorts', 'indices': [0, 28]}]",[]
99963729042616320,2011-08-06 22:03:04,b'#ReplaceMovieTitleWithShorts Harry Potter and the Chamber of Shorts.',"[{'text': 'ReplaceMovieTitleWithShorts', 'indices': [0, 28]}]",[]
99963679080071168,2011-08-06 22:02:52,b'#ReplaceMovieTitleWithShorts Harry Potter and the Prisoner of Shorts',"[{'text': 'ReplaceMovieTitleWithShorts', 'indices': [0, 28]}]",[]
99963561719250945,2011-08-06 22:02:25,b'#ReplaceMovieTitleWithShorts Harry Potter and the Goblet of Shorts.',"[{'text': 'ReplaceMovieTitleWithShorts', 'indices': [0, 28]}]",[]
99963466319790080,2011-08-06 22:02:02,b'#ReplaceMovieTitleWithShorts Harry Potter and the Order of the Shorts',"[{'text': 'ReplaceMovieTitleWithShorts', 'indices': [0, 28]}]",[]
99963422204104704,2011-08-06 22:01:51,b'#ReplaceMovieTitleWithShorts Harry Potter and the Half-Blood Shorts.',"[{'text': 'ReplaceMovieTitleWithShorts', 'indices': [0, 28]}]",[]
99963378495258624,2011-08-06 22:01:41,b'#ReplaceMovieTitleWithShorts Harry Potter and the Deathly Shorts.',"[{'text': 'ReplaceMovieTitleWithShorts', 'indices': [0, 28]}]",[]
99963145946271744,2011-08-06 22:00:45,b'#Itreallymakesmemad when I have to wake up at 6 AM five days a week!',"[{'text': 'Itreallymakesmemad', 'indices': [0, 19]}]",[]
99160831681503232,2011-08-04 16:52:39,"b""I can't believe how fast this summer went by, it's #stupendous""","[{'text': 'stupendous', 'indices': [51, 62]}]",[]
99160505293344769,2011-08-04 16:51:21,b'#avadakedavra Tom Marvolo Riddle.',"[{'text': 'avadakedavra', 'indices': [0, 13]}]",[]
98404504134877184,2011-08-02 14:47:16,b'#arentyoutiredof being tired?',"[{'text': 'arentyoutiredof', 'indices': [0, 16]}]",[]
98037283948736512,2011-08-01 14:28:04,"b""(I'm not looking forward to making this countdown!) Countdown to School : 8 days.""",[],[]
97699441770893312,2011-07-31 16:05:36,"b'I hope @_Ranzilla_ is having fun at Ardmore, Oklahoma!!'",[],[]
97153507228008449,2011-07-30 03:56:15,"b""#amomentofsilence for the reaction of #Casey Anthony's trial.""","[{'text': 'amomentofsilence', 'indices': [0, 17]}, {'text': 'Casey', 'indices': [38, 44]}]",[]
96754373740347392,2011-07-29 01:30:14,b'#Casey Anthony sucks.',"[{'text': 'Casey', 'indices': [0, 6]}]",[]
96754038649004032,2011-07-29 01:28:55,b'#neverinamillionyears Would I stop doing karate.',"[{'text': 'neverinamillionyears', 'indices': [0, 21]}]",[]
96753937885048832,2011-07-29 01:28:31,"b""@_Ranzilla_ Crud! I'm gonna repost that .. WOULD!""",[],[]
96734996764700672,2011-07-29 00:13:15,b'20 tweets in 5 mins ... dang I type slow!',[],[]
96734854489702400,2011-07-29 00:12:41,b'100 tweets!!!!!!!!!!!!!!!!!!!!!!!!!! Woooo!!!! 101 NOW!!!! Next goal 1000!!!!!!',[],[]
96734728253739008,2011-07-29 00:12:11,b'1',[],[]
96734711422005248,2011-07-29 00:12:07,b'2',[],[]
96734695466860544,2011-07-29 00:12:03,b'3!',[],[]
96734671265738753,2011-07-29 00:11:57,b'4 ...',[],[]
96734639602933760,2011-07-29 00:11:49,b'5 left',[],[]
96734583126622208,2011-07-29 00:11:36,b'6',[],[]
96734561093959682,2011-07-29 00:11:31,b'7 tweets till 100',[],[]
96734486863167488,2011-07-29 00:11:13,b'8 tweets!',[],[]
96734440025366528,2011-07-29 00:11:02,b'Last Tweet?\nhunhhh???',[],[]
96734383901388800,2011-07-29 00:10:49,"b""hello me, I'm tweeting today, you are too!""",[],[]
96734181194870784,2011-07-29 00:10:00,"b'Hopefully, I can get to my goal to over 100 tweets, by the end of the week, 10 more to go. Let the pointless Tweets begin!'",[],[]
96733989661974528,2011-07-29 00:09:15,"b""#neverinamillionyears Who'd I stop doing karate.""","[{'text': 'neverinamillionyears', 'indices': [0, 21]}]",[]
96733648035905536,2011-07-29 00:07:53,b'5',[],[]
96733638061858816,2011-07-29 00:07:51,b'4',[],[]
96733627899056129,2011-07-29 00:07:48,b'3',[],[]
96733616482172928,2011-07-29 00:07:46,b'2',[],[]
96733606151602176,2011-07-29 00:07:43,b'1',[],[]
96733568050540544,2011-07-29 00:07:34,b'a',[],[]
96733511028977666,2011-07-29 00:07:20,"b'Good Luck Charlie:\nTeddy: ""What\'s the opposite of bad?""\nCharlie: ""Gabe!\n\nHAHAHAHAHAHAHAHA'",[],[]
96418456005640193,2011-07-28 03:15:25,"b""3 DAYS till Rani goes to Ardmore ... I'm gonna miss her. (tear, sad face.) :(""",[],[]
96418100890701824,2011-07-28 03:14:01,b'80 tweets ... better get to a hundred before the end of this week!',[],[]
96417968816259074,2011-07-28 03:13:29,b';llllllllllllllllllllllllllllllllllllllooooooooooooooooooooooooooooooooooolllllllllllllllllllllllllllllllllllllllllll',[],[]
96417917280858112,2011-07-28 03:13:17,b'll',[],[]
96417882610737152,2011-07-28 03:13:09,b'lL',[],[]
96328189995008000,2011-07-27 21:16:44,"b'abcdefghijklmnopqrstuvwxyz`1234567890-=\\][;\'/,.,1023....\n\n+31321354654897*-?&lt;&gt;:""{}|!@#$%^&*()\nABCDEFGHIJKLMNOPQRSTUVWXYZ'",[],[]
96327860175896577,2011-07-27 21:15:26,"b'I bet Rani\'s now gonna say ""My brother needs to stop Tweeting!"" #thisiscrazy\n36 seconds ago  Reply Delete\n8 isn\'t a snowman? #thisiscrazy'","[{'text': 'thisiscrazy', 'indices': [64, 76]}, {'text': 'thisiscrazy', 'indices': [125, 137]}]",[]
96327466146209793,2011-07-27 21:13:52,"b'I bet Rani\'s now gonna say\n""My brother needs to stop Tweeting!"" #thisiscrazy'","[{'text': 'thisiscrazy', 'indices': [64, 76]}]",[]
96327309799325696,2011-07-27 21:13:14,"b""8 isn't a snowman? #thisiscrazy""","[{'text': 'thisiscrazy', 'indices': [19, 31]}]",[]
96327216543186944,2011-07-27 21:12:52,b'2thisiscrazy',[],[]
96327202546786304,2011-07-27 21:12:49,b'1thisiscrazy',[],[]
96327104215531520,2011-07-27 21:12:25,b'thisiscrazy',[],[]
96327021206061058,2011-07-27 21:12:06,b'#thisiscrazy',"[{'text': 'thisiscrazy', 'indices': [0, 12]}]",[]
96326918672093185,2011-07-27 21:11:41,"b""#thisiscrazy Summer's over.""","[{'text': 'thisiscrazy', 'indices': [0, 12]}]",[]
96326625200848897,2011-07-27 21:10:31,b'#Quidditch World Cup has been attacked.',"[{'text': 'Quidditch', 'indices': [0, 10]}]",[]
96320868602490881,2011-07-27 20:47:39,"b'Greatest Harry Potter Moments: Goblet of Fire.\nOwl?\nHarry: ""Well you tell Ron that --""\nHermione: ""I\'m not an OWL!""'",[],[]
96320106807832577,2011-07-27 20:44:37,"b'Greatest Harry Potter Moments: \nHalf Blood Prince\nNOOOO DUMBLEDORE!!!\nDumbledore: ""Severus .. Sevurus -- please!""'",[],[]
96319656553480192,2011-07-27 20:42:50,"b'Greatest Harry Potter Moments: Sorcerer\'s Stone. (The News finally comes).\nHagrid: Yer a wizard, Harry.""\nHarry ""I\'m a what?\n""Yer a wizard!""'",[],[]
96319345378074625,2011-07-27 20:41:36,"b'Greatest Harry Potter Moments: \nGoblet of Fire. Bye bye Cedric!\nVoldemort: ""Kill the Spare!""'",[],[]
96319040242450432,2011-07-27 20:40:23,"b'Greatest Harry Potter Moments: \nVoldemort Deathly Hallows Part 2: ""Harry Potter ... the boy who lived ... Come to die ... AVADA KEDAVRA!'",[],[]
96317154760212480,2011-07-27 20:32:53,b'RT @Lord_Voldemort7: Greatest Harry Potter Moments. Four words: I Am Lord Voldemort.',[],"[{'screen_name': 'Lord_Voldemort7', 'id': 160817572, 'id_str': '160817572', 'indices': [3, 19], 'name': 'The Dark Lord'}]"
96317140352778240,2011-07-27 20:32:50,"b'RT @Lord_Voldemort7: Greatest Harry Potter Moments: The destruction of Sparkly Cedric. ""Kill The Spare""'",[],"[{'screen_name': 'Lord_Voldemort7', 'id': 160817572, 'id_str': '160817572', 'indices': [3, 19], 'name': 'The Dark Lord'}]"
95878107550056449,2011-07-26 15:28:16,"b""@_Ranzilla_ @jilla4 It was a much better time when you DIDN'T have it, does this mean you are not gonna play RUMMY or Chess with me anymore?""",[],"[{'screen_name': 'jilla4', 'id': 44021935, 'id_str': '44021935', 'indices': [12, 19], 'name': 'Angela Boatner'}]"
95536964073304067,2011-07-25 16:52:41,b'RT @_Ranzilla_: My family watches the Weather Channel while eating dinner. #familyofnerds',"[{'text': 'familyofnerds', 'indices': [75, 89]}]",[]
95510421888442368,2011-07-25 15:07:13,b'Going to see Harry Potter and the Deathly Hallows Part 2 in 3D today! Whoooooooooooo!!',[],[]
95191683779657728,2011-07-24 18:00:40,b'RT @_Ranzilla_: #blamethemuslims is trending? Really? #angry #dontbesoignorant',"[{'text': 'blamethemuslims', 'indices': [16, 32]}, {'text': 'angry', 'indices': [54, 60]}, {'text': 'dontbesoignorant', 'indices': [61, 78]}]",[]
92407902656135168,2011-07-17 01:38:55,"b""Going to Texas tomorrow\nTo Parth Jayaswal and @Krishnnaa_  's house\nIt's Gonna Be Fun! \nBut, 8  hour drive. UGH!""",[],[]
92405170343915520,2011-07-17 01:28:04,"b""RT @Lord_Voldemort7: #youwereonmygoodside because if you were on my bad side you'd be dead...""","[{'text': 'youwereonmygoodside', 'indices': [21, 41]}]","[{'screen_name': 'Lord_Voldemort7', 'id': 160817572, 'id_str': '160817572', 'indices': [3, 19], 'name': 'The Dark Lord'}]"
91690811468677120,2011-07-15 02:09:27,b'RT @_Ranzilla_: Everyone go look at the moon. Now.',[],[]
91622106990788608,2011-07-14 21:36:27,"b""RANI'S BACK!!!!!!!!!!!!!!!!!!!!!!!!!!!!!!!!!!!!!!!!!!!!!!!!!!!!!!!!!!!!!!!!!!!!!!!!!!!!!!!!!!!!!!!!!!!!!!!!!!!!!!!!!!!!!!!!!!!!!!!!!!!!!!!!!""",[],[]
91558557337649152,2011-07-14 17:23:55,"b""@_Ranzilla_ shut up I'm gonna beat you!""",[],[]
91556372747001856,2011-07-14 17:15:14,"b'@_Ranzilla_ Totally agree, see you in 2 hours!!!'",[],[]
91556301221543936,2011-07-14 17:14:57,b'RT @_Ranzilla_: Country music is terrible &gt;:(',[],[]
91306051198136321,2011-07-14 00:40:33,b'@_Ranzilla_ With what?',[],[]
91301941359026176,2011-07-14 00:24:13,"b'@_Ranzilla_ Aww... I wish i was there! Oh, well, have fun!!! Yummy food!! HAHA'",[],[]
91285172527435777,2011-07-13 23:17:35,"b""#yeahright I'm gonna walk away now ...""","[{'text': 'yeahright', 'indices': [0, 10]}]",[]
91284878963916800,2011-07-13 23:16:25,b'#sorry4thewait I had to do something.',"[{'text': 'sorry4thewait', 'indices': [0, 14]}]",[]
91283346608496640,2011-07-13 23:10:20,b'Google +\nhttp://t.co/gnQyMjn',[],[]
91282979439124481,2011-07-13 23:08:52,"b'Google+, the cross between Facebook/Twitter, FaceTwit+?'",[],[]
91168066922217472,2011-07-13 15:32:15,b'@_Ranzilla_ :)',[],[]
91002132303585283,2011-07-13 04:32:53,"b""@_Ranzilla_ Thank you Thank you  Thank you Thank you  Thank you Thank you  Thank you Thank you!!!!! Can't wait until you get home!!!!!!""",[],[]
90421738478899200,2011-07-11 14:06:37,"b""@_Ranzilla_ Okay, we'll renew them later. What is your iPod serial number and where do we find it?""",[],[]
90097337300561920,2011-07-10 16:37:33,"b'@_Ranzilla_ I GOT A TWIITER THREE DAYS AGO! AND I KNOW NOTHING ABOUT IT, SO STOP UNINTENTIONALLY CALLING ME AN IDIOT!!!!!!!!!!!!!!!!!! lol!'",[],[]
90096525291692032,2011-07-10 16:34:20,b'@DevJaiswal1 @_Ranzilla_ Same thing every single time.',[],"[{'screen_name': 'DevJaiswal1', 'id': 329978376, 'id_str': '329978376', 'indices': [0, 12], 'name': 'Dev Jaiswal'}]"
90096423680491520,2011-07-10 16:33:55,"b'@DevJaiswal1 @_Ranzilla_ and Mom goes ""Ugh ... Candance"". Doofenlics says ""Curse you Perry the Platypus!!"" And then the episode ends.'",[],"[{'screen_name': 'DevJaiswal1', 'id': 329978376, 'id_str': '329978376', 'indices': [0, 12], 'name': 'Dev Jaiswal'}]"
90096085938343936,2011-07-10 16:32:35,"b""@DevJaiswal1 @_Ranzilla_ The ray from Doofenbits's contraptions hit's Phineas and Ferb's invention just as Cantdance is about to show Mom...""",[],"[{'screen_name': 'DevJaiswal1', 'id': 329978376, 'id_str': '329978376', 'indices': [0, 12], 'name': 'Dev Jaiswal'}]"
90095760288391168,2011-07-10 16:31:17,"b'@_Ranzilla_ Phineas and Ferb build something, Candance goes to try to find mom, Perry makes Doofensmitz hit one of his contraptions..'",[],[]
90095399523729408,2011-07-10 16:29:51,"b'RT @colbycrews: I wanna do the pizza thing, but I already overdid the duck thing.'",[],"[{'screen_name': 'ColbyCrews', 'id': 544328867, 'id_str': '544328867', 'indices': [3, 14], 'name': 'Colby Crews'}]"
90095316069658624,2011-07-10 16:29:31,b'RT @_Ranzilla_: The Pizza of Oz. #replacemovietitlewithpizza',"[{'text': 'replacemovietitlewithpizza', 'indices': [33, 60]}]",[]
90095287665823744,2011-07-10 16:29:25,b'RT @_Ranzilla_: Harry Potter and the Deathly Pizzas. #replacemovietitlewithpizza',"[{'text': 'replacemovietitlewithpizza', 'indices': [53, 80]}]",[]
90095249426354176,2011-07-10 16:29:16,b'RT @_Ranzilla_: Lord of the Pizzas. #replacemovietitlewithpizza',"[{'text': 'replacemovietitlewithpizza', 'indices': [36, 63]}]",[]
90095133525164032,2011-07-10 16:28:48,b'RT @Lord_Voldemort7: #Icantgoadaywithout unicorn blood.',"[{'text': 'Icantgoadaywithout', 'indices': [21, 40]}]","[{'screen_name': 'Lord_Voldemort7', 'id': 160817572, 'id_str': '160817572', 'indices': [3, 19], 'name': 'The Dark Lord'}]"
90095086905475072,2011-07-10 16:28:37,b'RT @_Ranzilla_: Video chatting w/ my family in India :D',[],[]
90095031343529984,2011-07-10 16:28:24,b'#whoeverimarry better be nice to my family.',"[{'text': 'whoeverimarry', 'indices': [0, 14]}]",[]
90094823104708608,2011-07-10 16:27:34,b'Tomorrow is the day that I cross into the double-digits...YEAH!!!!\n\nCountdown to my Birthday: Tomorrow.',[],[]
89903644417339392,2011-07-10 03:47:53,"b'#ihavenotolerance  for Phineas and Ferb. Yeah, I said Phineas and Ferb'","[{'text': 'ihavenotolerance', 'indices': [0, 17]}]",[]
89728685665566720,2011-07-09 16:12:40,b'Countdown to my Birthday: 2 Days.',[],[]
89514223197093888,2011-07-09 02:00:28,"b""Twitter's cool.""",[],[]
89512211629875203,2011-07-09 01:52:28,b'RT @Lord_Voldemort7: Seven Days....',[],"[{'screen_name': 'Lord_Voldemort7', 'id': 160817572, 'id_str': '160817572', 'indices': [3, 19], 'name': 'The Dark Lord'}]"
89512194244481024,2011-07-09 01:52:24,b'RT @Lord_Voldemort7: Only a week left. It all ends at Hogwarts. Which of the houses do you belong...? http://lx.im/1d3bx  - spon',[],"[{'screen_name': 'Lord_Voldemort7', 'id': 160817572, 'id_str': '160817572', 'indices': [3, 19], 'name': 'The Dark Lord'}]"
89511591929843712,2011-07-09 01:50:01,b'#wheneverimbored I do karate.',"[{'text': 'wheneverimbored', 'indices': [0, 16]}]",[]
89511107894583297,2011-07-09 01:48:05,b'#icantgoadaywithout Anything.',"[{'text': 'icantgoadaywithout', 'indices': [0, 19]}]",[]
89350304243515392,2011-07-08 15:09:07,b'Countdown to my Birthday: 3 days.',[],[]
89105557943894016,2011-07-07 22:56:35,"b'RT @_Ranzilla_: Well, @DevJaiswal1 and I officially suck at making a house of cards'",[],"[{'screen_name': 'DevJaiswal1', 'id': 329978376, 'id_str': '329978376', 'indices': [22, 34], 'name': 'Dev Jaiswal'}]"
89095960931741697,2011-07-07 22:18:27,"b""@_Ranzilla_ What's all this duck stuff everybody's talking about??""",[],[]
89034597819629569,2011-07-07 18:14:36,b'Countdown to My Birthday: 4 days.',[],[]
88752557056471040,2011-07-06 23:33:53,"b""We're gonna have a cookout ...  ... We're gonna have a cookout! For the second time this week! Woo! Vegetarian cookout for the win!""",[],[]
88751318017118208,2011-07-06 23:28:57,b'@_Ranzilla_ Who do I spell?',[],[]
88715326379917312,2011-07-06 21:05:56,b'@_Ranzilla_ Awesome people can have typos in their Tweets!',[],[]
88714128545423361,2011-07-06 21:01:11,"b""@_Ranzilla_ Haha. How can no one follow me I'm ... I'm ... I'm Awesome! JK.""",[],[]
88712673776238592,2011-07-06 20:55:24,"b'@_Ranzilla_ 1 extra person followed me. This says that how many people actually read your Tweets. Haha, thanks though.'",[],[]
88712293059264512,2011-07-06 20:53:53,"b""Twitter's kinda cool.""",[],[]
88712221210836992,2011-07-06 20:53:36,b'@_Ranzilla_ Ah ...',[],[]
88712169411186688,2011-07-06 20:53:24,b'@_Ranzilla_  Why do you regret staying up late?',[],[]
88711292554190848,2011-07-06 20:49:54,b'@_Ranzilla_ Why?',[],[]
88398911261257729,2011-07-06 00:08:37,"b'Watching Pretty Little Liars with Rani! Then is going to watch my new favorite show with Rani, Nine Lives of Chloe King!!'",[],[]
88383563187224576,2011-07-05 23:07:38,"b'@_Ranzilla_ @TaekwondoDevJ Oh, oops, forgot that one I thought i shut that one off like a few hours ago?'",[],"[{'screen_name': 'TaekwondoDevJ', 'id': 165861311, 'id_str': '165861311', 'indices': [12, 26], 'name': 'Dev Jaiswal'}]"
88381501217062912,2011-07-05 22:59:26,"b""@_Ranzilla_ Don't know what I'd do without Rani.""",[],[]
88381325450559489,2011-07-05 22:58:44,b'@_Ranzilla_ It was very fun!',[],[]
88377821185052673,2011-07-05 22:44:49,b'I just created a Twitter!! Whoo!',[],[]
